store_id,target_month,revenue_target_gbp,footfall_target
STR-001,2023-01-01,251381.59,4679
STR-001,2023-02-01,104912.34,3153
STR-001,2023-03-01,178774.55,3468
STR-001,2023-04-01,194032.87,3625
STR-001,2023-05-01,168903.1,2772
STR-001,2023-06-01,164824.07,4336
STR-001,2023-07-01,152778.11,4619
STR-001,2023-08-01,225528.72,7294
STR-001,2023-09-01,203106.53,4835
STR-001,2023-10-01,176844.37,5302
STR-001,2023-11-01,196531.81,3374
STR-001,2023-12-01,162053.47,3869
STR-001,2024-01-01,148210.81,4032
STR-001,2024-02-01,232416.52,5123
STR-001,2024-03-01,183711.57,4308
STR-001,2024-04-01,161637.81,3368
STR-001,2024-05-01,145007.23,2765
STR-001,2024-06-01,168750.84,3682
STR-001,2024-07-01,152136.95,2703
STR-001,2024-08-01,182653.46,5195
STR-001,2024-09-01,196455.88,3985
STR-001,2024-10-01,203921.8,5422
STR-001,2024-11-01,177233.08,3470
STR-001,2024-12-01,167771.74,3713
STR-002,2023-01-01,175647.78,3602
STR-002,2023-02-01,210515.13,4546
STR-002,2023-03-01,236992.17,5424
STR-002,2023-04-01,249418.17,5098
STR-002,2023-05-01,158162.2,4760
STR-002,2023-06-01,185797.9,4930
STR-002,2023-07-01,215024.88,5430
STR-002,2023-08-01,190576.48,5105
STR-002,2023-09-01,181919.63,3644
STR-002,2023-10-01,177571.87,4664
STR-002,2023-11-01,203645.57,3144
STR-002,2023-12-01,195739.0,3302
STR-002,2024-01-01,241671.21,4907
STR-002,2024-02-01,216030.18,5042
STR-002,2024-03-01,226933.25,5409
STR-002,2024-04-01,219321.65,5982
STR-002,2024-05-01,218436.39,4340
STR-002,2024-06-01,223737.38,4471
STR-002,2024-07-01,266032.52,10712
STR-002,2024-08-01,165743.57,5065
STR-002,2024-09-01,257119.84,5129
STR-002,2024-10-01,205895.69,5389
STR-002,2024-11-01,207592.55,4256
STR-002,2024-12-01,206232.84,3624
STR-003,2023-01-01,151948.2,5056
STR-003,2023-02-01,181867.35,3372
STR-003,2023-03-01,138311.3,4810
STR-003,2023-04-01,144596.73,3187
STR-003,2023-05-01,161249.03,3541
STR-003,2023-06-01,157832.99,3086
STR-003,2023-07-01,177044.56,3061
STR-003,2023-08-01,143546.96,3793
STR-003,2023-09-01,135773.6,3430
STR-003,2023-10-01,85649.41,1727
STR-003,2023-11-01,125721.13,4949
STR-003,2023-12-01,185519.86,3896
STR-003,2024-01-01,150086.79,2846
STR-003,2024-02-01,124210.94,2742
STR-003,2024-03-01,131353.69,2634
STR-003,2024-04-01,149029.65,2528
STR-003,2024-05-01,156741.41,3031
STR-003,2024-06-01,119238.32,2227
STR-003,2024-07-01,136780.77,4172
STR-003,2024-08-01,150462.51,4003
STR-003,2024-09-01,175669.75,4288
STR-003,2024-10-01,144655.51,3011
STR-003,2024-11-01,150152.55,2785
STR-003,2024-12-01,123127.36,2898
STR-004,2023-01-01,189517.52,3960
STR-004,2023-02-01,218832.9,4236
STR-004,2023-03-01,256020.74,6244
STR-004,2023-04-01,196004.04,2868
STR-004,2023-05-01,218651.56,4973
STR-004,2023-06-01,169632.25,3327
STR-004,2023-07-01,188688.24,5176
STR-004,2023-08-01,170575.13,3250
STR-004,2023-09-01,235563.43,4775
STR-004,2023-10-01,209015.46,3282
STR-004,2023-11-01,182056.36,4566
STR-004,2023-12-01,228041.55,5318
STR-004,2024-01-01,185440.02,4475
STR-004,2024-02-01,240523.59,4278
STR-004,2024-03-01,175898.26,3715
STR-004,2024-04-01,207337.74,4771
STR-004,2024-05-01,222321.86,6506
STR-004,2024-06-01,209641.46,4766
STR-004,2024-07-01,171172.24,3832
STR-004,2024-08-01,215594.75,5156
STR-004,2024-09-01,202779.25,4376
STR-004,2024-10-01,200194.53,4363
STR-004,2024-11-01,167378.44,4335
STR-004,2024-12-01,164573.68,5154
STR-005,2023-01-01,166879.9,3452
STR-005,2023-02-01,162158.65,3354
STR-005,2023-03-01,141065.96,3171
STR-005,2023-04-01,130564.68,3427
STR-005,2023-05-01,143517.81,3179
STR-005,2023-06-01,166182.33,3919
STR-005,2023-07-01,135257.74,3059
STR-005,2023-08-01,181572.47,4231
STR-005,2023-09-01,120641.66,2976
STR-005,2023-10-01,159095.74,3820
STR-005,2023-11-01,168990.8,3543
STR-005,2023-12-01,113142.33,2963
STR-005,2024-01-01,134849.94,2521
STR-005,2024-02-01,138940.05,2722
STR-005,2024-03-01,145892.06,3059
STR-005,2024-04-01,148237.87,3326
STR-005,2024-05-01,149533.43,3518
STR-005,2024-06-01,143874.16,3026
STR-005,2024-07-01,170587.72,3587
STR-005,2024-08-01,234872.41,4006
STR-005,2024-09-01,171807.99,4522
STR-005,2024-10-01,166110.07,2799
STR-005,2024-11-01,145879.68,3275
STR-005,2024-12-01,164480.16,3543
STR-006,2023-01-01,94810.0,1646
STR-006,2023-02-01,85561.11,1992
STR-006,2023-03-01,102475.41,2458
STR-006,2023-04-01,71078.24,1633
STR-006,2023-05-01,104030.16,1872
STR-006,2023-06-01,87629.48,1764
STR-006,2023-07-01,69863.19,1253
STR-006,2023-08-01,102770.55,2718
STR-006,2023-09-01,91056.24,2151
STR-006,2023-10-01,101941.34,2404
STR-006,2023-11-01,98365.34,2003
STR-006,2023-12-01,103152.88,2230
STR-006,2024-01-01,100214.72,2943
STR-006,2024-02-01,100955.31,2137
STR-006,2024-03-01,95388.51,2215
STR-006,2024-04-01,121994.54,2501
STR-006,2024-05-01,92367.64,1668
STR-006,2024-06-01,78094.48,2015
STR-006,2024-07-01,114067.12,2236
STR-006,2024-08-01,67073.88,1336
STR-006,2024-09-01,73712.32,1938
STR-006,2024-10-01,97575.47,2060
STR-006,2024-11-01,100379.68,2258
STR-006,2024-12-01,83131.26,2201
STR-007,2023-01-01,197618.84,3797
STR-007,2023-02-01,213368.75,4842
STR-007,2023-03-01,215697.67,5769
STR-007,2023-04-01,287895.36,7553
STR-007,2023-05-01,199360.47,4813
STR-007,2023-06-01,172794.88,3492
STR-007,2023-07-01,218805.23,4668
STR-007,2023-08-01,271340.05,6154
STR-007,2023-09-01,209636.45,6487
STR-007,2023-10-01,242694.04,6408
STR-007,2023-11-01,245826.47,5282
STR-007,2023-12-01,249871.79,6289
STR-007,2024-01-01,203407.98,5017
STR-007,2024-02-01,283257.53,5978
STR-007,2024-03-01,268682.71,6664
STR-007,2024-04-01,294010.56,6638
STR-007,2024-05-01,166192.63,3252
STR-007,2024-06-01,191812.69,4102
STR-007,2024-07-01,198884.92,3877
STR-007,2024-08-01,204879.41,4233
STR-007,2024-09-01,237613.53,6197
STR-007,2024-10-01,220263.05,6682
STR-007,2024-11-01,226673.63,4812
STR-007,2024-12-01,206902.67,6375
STR-008,2023-01-01,317902.56,5852
STR-008,2023-02-01,316570.26,6494
STR-008,2023-03-01,210037.83,4579
STR-008,2023-04-01,337233.02,6040
STR-008,2023-05-01,235921.6,5383
STR-008,2023-06-01,327296.84,7528
STR-008,2023-07-01,274483.0,5661
STR-008,2023-08-01,439849.96,7659
STR-008,2023-09-01,188902.0,4170
STR-008,2023-10-01,184620.49,6909
STR-008,2023-11-01,288153.34,8515
STR-008,2023-12-01,355363.33,7149
STR-008,2024-01-01,280682.04,6116
STR-008,2024-02-01,285690.02,5196
STR-008,2024-03-01,287166.83,5576
STR-008,2024-04-01,301847.81,6405
STR-008,2024-05-01,318237.24,7788
STR-008,2024-06-01,309350.81,5908
STR-008,2024-07-01,262390.05,6554
STR-008,2024-08-01,286858.18,5509
STR-008,2024-09-01,265463.25,5765
STR-008,2024-10-01,276808.33,6391
STR-008,2024-11-01,292336.55,8094
STR-008,2024-12-01,325175.8,7274
STR-009,2023-01-01,77641.33,2467
STR-009,2023-02-01,89731.11,2280
STR-009,2023-03-01,127256.06,3953
STR-009,2023-04-01,84091.25,2613
STR-009,2023-05-01,119062.74,2305
STR-009,2023-06-01,101255.87,2884
STR-009,2023-07-01,87030.51,2413
STR-009,2023-08-01,82137.47,1698
STR-009,2023-09-01,74263.67,1794
STR-009,2023-10-01,110864.17,2630
STR-009,2023-11-01,131789.45,3100
STR-009,2023-12-01,78854.72,1711
STR-009,2024-01-01,83441.61,1696
STR-009,2024-02-01,72289.06,1468
STR-009,2024-03-01,104664.15,2062
STR-009,2024-04-01,83390.56,1896
STR-009,2024-05-01,102593.65,2219
STR-009,2024-06-01,115963.76,1936
STR-009,2024-07-01,81283.05,1923
STR-009,2024-08-01,76732.41,1746
STR-009,2024-09-01,70181.07,1337
STR-009,2024-10-01,71705.05,1109
STR-009,2024-11-01,85538.64,2110
STR-009,2024-12-01,111016.9,2340
STR-010,2023-01-01,97534.41,2267
STR-010,2023-02-01,113406.24,2146
STR-010,2023-03-01,68493.42,1679
STR-010,2023-04-01,89854.74,1797
STR-010,2023-05-01,113025.51,2831
STR-010,2023-06-01,94676.49,1726
STR-010,2023-07-01,95800.74,1832
STR-010,2023-08-01,72357.59,1426
STR-010,2023-09-01,86890.66,2283
STR-010,2023-10-01,80106.27,1889
STR-010,2023-11-01,93869.93,1989
STR-010,2023-12-01,81796.39,1226
STR-010,2024-01-01,90922.55,1635
STR-010,2024-02-01,81445.51,1560
STR-010,2024-03-01,127426.93,2830
STR-010,2024-04-01,106722.46,3091
STR-010,2024-05-01,124723.14,2190
STR-010,2024-06-01,71190.95,1326
STR-010,2024-07-01,78421.8,1758
STR-010,2024-08-01,77221.16,1711
STR-010,2024-09-01,102600.9,2430
STR-010,2024-10-01,99071.49,1967
STR-010,2024-11-01,100376.58,2036
STR-010,2024-12-01,81207.89,1602
STR-011,2023-01-01,300562.93,8048
STR-011,2023-02-01,233001.76,5025
STR-011,2023-03-01,219947.02,4041
STR-011,2023-04-01,270415.31,4569
STR-011,2023-05-01,169259.37,5144
STR-011,2023-06-01,266388.8,5761
STR-011,2023-07-01,239297.12,4871
STR-011,2023-08-01,290107.7,6420
STR-011,2023-09-01,159454.88,3086
STR-011,2023-10-01,195024.45,5346
STR-011,2023-11-01,177646.62,3351
STR-011,2023-12-01,200955.43,3796
STR-011,2024-01-01,194002.97,4242
STR-011,2024-02-01,221540.94,5803
STR-011,2024-03-01,199771.63,4882
STR-011,2024-04-01,230732.93,4595
STR-011,2024-05-01,196564.97,3493
STR-011,2024-06-01,236406.02,4622
STR-011,2024-07-01,214720.6,3827
STR-011,2024-08-01,129357.52,3084
STR-011,2024-09-01,221843.62,5103
STR-011,2024-10-01,223665.18,4684
STR-011,2024-11-01,227730.71,6416
STR-011,2024-12-01,216793.58,3880
STR-012,2023-01-01,161203.64,4088
STR-012,2023-02-01,121748.03,2818
STR-012,2023-03-01,136958.04,3770
STR-012,2023-04-01,135172.04,3333
STR-012,2023-05-01,187434.0,8249
STR-012,2023-06-01,140102.39,2974
STR-012,2023-07-01,141631.51,3388
STR-012,2023-08-01,113404.34,2125
STR-012,2023-09-01,150069.86,3313
STR-012,2023-10-01,160860.24,4219
STR-012,2023-11-01,155899.71,3490
STR-012,2023-12-01,159150.07,3773
STR-012,2024-01-01,167086.56,3002
STR-012,2024-02-01,179948.02,4320
STR-012,2024-03-01,126196.83,2848
STR-012,2024-04-01,131623.22,2751
STR-012,2024-05-01,164311.08,4365
STR-012,2024-06-01,110944.97,2276
STR-012,2024-07-01,175379.99,3361
STR-012,2024-08-01,106788.77,2106
STR-012,2024-09-01,160658.59,4460
STR-012,2024-10-01,124179.89,2957
STR-012,2024-11-01,129585.96,2472
STR-012,2024-12-01,129906.64,2587
STR-013,2023-01-01,162746.38,3389
STR-013,2023-02-01,151279.44,2554
STR-013,2023-03-01,119366.89,2466
STR-013,2023-04-01,182887.03,4648
STR-013,2023-05-01,113119.65,2904
STR-013,2023-06-01,167843.89,3525
STR-013,2023-07-01,170469.65,3331
STR-013,2023-08-01,144237.22,3126
STR-013,2023-09-01,133854.23,3066
STR-013,2023-10-01,159254.55,4141
STR-013,2023-11-01,103041.27,2384
STR-013,2023-12-01,156204.74,3010
STR-013,2024-01-01,156894.74,3566
STR-013,2024-02-01,143740.66,2705
STR-013,2024-03-01,146109.0,3191
STR-013,2024-04-01,164265.82,4000
STR-013,2024-05-01,139690.34,3554
STR-013,2024-06-01,178780.42,5125
STR-013,2024-07-01,118866.32,2261
STR-013,2024-08-01,132469.04,2240
STR-013,2024-09-01,141384.13,3593
STR-013,2024-10-01,132722.04,2988
STR-013,2024-11-01,163836.04,4579
STR-013,2024-12-01,128998.12,2295
STR-014,2023-01-01,282905.15,8037
STR-014,2023-02-01,267240.56,5931
STR-014,2023-03-01,271247.54,7856
STR-014,2023-04-01,232186.71,6719
STR-014,2023-05-01,231998.76,6314
STR-014,2023-06-01,236055.48,6025
STR-014,2023-07-01,301490.92,6861
STR-014,2023-08-01,292309.21,5718
STR-014,2023-09-01,263398.38,5636
STR-014,2023-10-01,167373.65,3208
STR-014,2023-11-01,223524.56,5676
STR-014,2023-12-01,185784.43,5558
STR-014,2024-01-01,213229.11,4366
STR-014,2024-02-01,261157.26,7199
STR-014,2024-03-01,141070.07,2662
STR-014,2024-04-01,185867.6,3332
STR-014,2024-05-01,244067.72,5657
STR-014,2024-06-01,204788.35,4936
STR-014,2024-07-01,259605.6,6713
STR-014,2024-08-01,194620.23,5512
STR-014,2024-09-01,180787.15,3217
STR-014,2024-10-01,220274.96,5327
STR-014,2024-11-01,175917.34,3449
STR-014,2024-12-01,249287.74,5879
STR-015,2023-01-01,184616.43,3757
STR-015,2023-02-01,198317.52,3698
STR-015,2023-03-01,179668.96,3953
STR-015,2023-04-01,195316.47,4550
STR-015,2023-05-01,169616.15,4852
STR-015,2023-06-01,164094.57,4375
STR-015,2023-07-01,187286.97,4132
STR-015,2023-08-01,223562.68,5501
STR-015,2023-09-01,165968.63,3335
STR-015,2023-10-01,133672.75,2908
STR-015,2023-11-01,188598.06,5960
STR-015,2023-12-01,172727.99,3745
STR-015,2024-01-01,148848.56,3419
STR-015,2024-02-01,127913.26,3892
STR-015,2024-03-01,192732.36,7976
STR-015,2024-04-01,218822.43,4304
STR-015,2024-05-01,147886.6,3699
STR-015,2024-06-01,147264.61,4039
STR-015,2024-07-01,141105.19,2484
STR-015,2024-08-01,231873.82,4913
STR-015,2024-09-01,174429.15,3606
STR-015,2024-10-01,209079.06,5182
STR-015,2024-11-01,121931.43,2445
STR-015,2024-12-01,179008.82,3373
STR-016,2023-01-01,114957.46,2124
STR-016,2023-02-01,131881.48,3285
STR-016,2023-03-01,137269.77,2334
STR-016,2023-04-01,127572.52,2087
STR-016,2023-05-01,127128.04,2616
STR-016,2023-06-01,139414.17,3584
STR-016,2023-07-01,155306.38,3720
STR-016,2023-08-01,93793.75,1732
STR-016,2023-09-01,156581.62,3071
STR-016,2023-10-01,105559.5,1985
STR-016,2023-11-01,113958.58,2438
STR-016,2023-12-01,108824.87,2731
STR-016,2024-01-01,91175.61,1975
STR-016,2024-02-01,98905.24,1860
STR-016,2024-03-01,107118.36,1841
STR-016,2024-04-01,108606.49,2658
STR-016,2024-05-01,124296.02,3713
STR-016,2024-06-01,104162.75,1733
STR-016,2024-07-01,120256.6,2236
STR-016,2024-08-01,106296.85,2562
STR-016,2024-09-01,129395.87,2834
STR-016,2024-10-01,138326.56,4031
STR-016,2024-11-01,109284.96,2454
STR-016,2024-12-01,104167.63,1779
STR-017,2023-01-01,148987.95,5155
STR-017,2023-02-01,174111.88,5457
STR-017,2023-03-01,158545.02,3737
STR-017,2023-04-01,140520.04,3557
STR-017,2023-05-01,189162.97,3992
STR-017,2023-06-01,212802.64,5987
STR-017,2023-07-01,160100.76,3627
STR-017,2023-08-01,109364.79,2556
STR-017,2023-09-01,195896.83,4348
STR-017,2023-10-01,171774.27,3085
STR-017,2023-11-01,178851.36,3922
STR-017,2023-12-01,217263.02,6216
STR-017,2024-01-01,158638.92,3721
STR-017,2024-02-01,139797.8,2886
STR-017,2024-03-01,161740.21,4491
STR-017,2024-04-01,126407.62,2538
STR-017,2024-05-01,145131.9,4713
STR-017,2024-06-01,167721.69,3388
STR-017,2024-07-01,169772.22,3936
STR-017,2024-08-01,150622.93,4066
STR-017,2024-09-01,154241.9,3599
STR-017,2024-10-01,136478.43,3193
STR-017,2024-11-01,155448.76,3449
STR-017,2024-12-01,148138.01,3115
STR-018,2023-01-01,250614.81,5456
STR-018,2023-02-01,179068.37,3719
STR-018,2023-03-01,258049.75,6197
STR-018,2023-04-01,246119.08,6813
STR-018,2023-05-01,215861.66,4636
STR-018,2023-06-01,239461.77,7713
STR-018,2023-07-01,289198.31,4805
STR-018,2023-08-01,261417.05,6145
STR-018,2023-09-01,334433.69,6784
STR-018,2023-10-01,174092.39,3907
STR-018,2023-11-01,280223.55,5037
STR-018,2023-12-01,160684.48,4840
STR-018,2024-01-01,253323.15,6239
STR-018,2024-02-01,241021.44,5524
STR-018,2024-03-01,192596.53,4239
STR-018,2024-04-01,171221.52,3539
STR-018,2024-05-01,250143.07,5231
STR-018,2024-06-01,239070.6,4926
STR-018,2024-07-01,246347.62,4750
STR-018,2024-08-01,201157.27,4847
STR-018,2024-09-01,252544.46,5386
STR-018,2024-10-01,235407.44,5748
STR-018,2024-11-01,222139.9,6243
STR-018,2024-12-01,205974.67,4064
STR-019,2023-01-01,135056.43,2631
STR-019,2023-02-01,122877.98,2895
STR-019,2023-03-01,120565.79,2168
STR-019,2023-04-01,119639.69,2656
STR-019,2023-05-01,138544.36,3395
STR-019,2023-06-01,178035.24,4640
STR-019,2023-07-01,147786.78,3608
STR-019,2023-08-01,123951.54,2616
STR-019,2023-09-01,150115.1,2908
STR-019,2023-10-01,177794.92,4466
STR-019,2023-11-01,115272.34,2729
STR-019,2023-12-01,156606.56,4379
STR-019,2024-01-01,150384.35,3532
STR-019,2024-02-01,122984.8,4417
STR-019,2024-03-01,156617.37,4443
STR-019,2024-04-01,139753.41,2349
STR-019,2024-05-01,125229.93,2840
STR-019,2024-06-01,139698.43,5179
STR-019,2024-07-01,103970.52,2088
STR-019,2024-08-01,121090.91,3774
STR-019,2024-09-01,126408.07,2904
STR-019,2024-10-01,96387.11,2244
STR-019,2024-11-01,133885.66,2290
STR-019,2024-12-01,114249.33,2765
STR-020,2023-01-01,238942.71,7073
STR-020,2023-02-01,165171.34,3196
STR-020,2023-03-01,154199.7,3535
STR-020,2023-04-01,236429.96,5588
STR-020,2023-05-01,221351.5,5258
STR-020,2023-06-01,167768.03,3375
STR-020,2023-07-01,162145.68,3550
STR-020,2023-08-01,188872.93,3908
STR-020,2023-09-01,143564.63,2667
STR-020,2023-10-01,206272.16,6485
STR-020,2023-11-01,215823.58,4668
STR-020,2023-12-01,241924.4,4723
STR-020,2024-01-01,221837.14,4642
STR-020,2024-02-01,256457.56,5799
STR-020,2024-03-01,197759.68,4208
STR-020,2024-04-01,230879.41,5468
STR-020,2024-05-01,220548.58,5613
STR-020,2024-06-01,174163.78,3673
STR-020,2024-07-01,173346.52,3338
STR-020,2024-08-01,243061.54,5362
STR-020,2024-09-01,206932.41,3704
STR-020,2024-10-01,230860.42,5277
STR-020,2024-11-01,209349.06,4531
STR-020,2024-12-01,135331.52,2270
STR-021,2023-01-01,159015.06,2515
STR-021,2023-02-01,179596.84,3570
STR-021,2023-03-01,162391.2,3348
STR-021,2023-04-01,195492.25,3516
STR-021,2023-05-01,135116.52,2998
STR-021,2023-06-01,192202.28,3774
STR-021,2023-07-01,162382.57,2656
STR-021,2023-08-01,170247.21,3845
STR-021,2023-09-01,128836.19,2976
STR-021,2023-10-01,130926.06,1921
STR-021,2023-11-01,157401.12,4057
STR-021,2023-12-01,176172.56,3241
STR-021,2024-01-01,159524.73,4647
STR-021,2024-02-01,178701.03,3795
STR-021,2024-03-01,145555.27,2632
STR-021,2024-04-01,152228.15,3638
STR-021,2024-05-01,219020.32,4161
STR-021,2024-06-01,187827.32,3831
STR-021,2024-07-01,147702.65,4011
STR-021,2024-08-01,142706.59,2603
STR-021,2024-09-01,181817.92,5097
STR-021,2024-10-01,141850.41,3181
STR-021,2024-11-01,142514.02,3939
STR-021,2024-12-01,164922.36,3610
STR-022,2023-01-01,183756.22,2849
STR-022,2023-02-01,169988.4,3724
STR-022,2023-03-01,127272.62,3427
STR-022,2023-04-01,186775.75,3299
STR-022,2023-05-01,163114.17,3080
STR-022,2023-06-01,145620.73,3102
STR-022,2023-07-01,170931.67,3098
STR-022,2023-08-01,178073.47,4891
STR-022,2023-09-01,192109.18,5818
STR-022,2023-10-01,187560.34,3720
STR-022,2023-11-01,137558.66,2983
STR-022,2023-12-01,214822.74,4168
STR-022,2024-01-01,230355.18,4529
STR-022,2024-02-01,176922.38,3240
STR-022,2024-03-01,205112.75,10373
STR-022,2024-04-01,178957.4,4599
STR-022,2024-05-01,193321.75,4055
STR-022,2024-06-01,208220.07,3879
STR-022,2024-07-01,237181.54,3992
STR-022,2024-08-01,196465.9,3712
STR-022,2024-09-01,190594.61,8124
STR-022,2024-10-01,194760.08,3990
STR-022,2024-11-01,221771.93,5194
STR-022,2024-12-01,144131.2,2495
STR-023,2023-01-01,111806.42,2485
STR-023,2023-02-01,100878.65,1606
STR-023,2023-03-01,124409.25,2612
STR-023,2023-04-01,128562.61,3321
STR-023,2023-05-01,79062.17,1749
STR-023,2023-06-01,104703.61,1950
STR-023,2023-07-01,129486.59,2596
STR-023,2023-08-01,113287.36,2106
STR-023,2023-09-01,160781.21,3277
STR-023,2023-10-01,108610.26,2150
STR-023,2023-11-01,80861.54,1445
STR-023,2023-12-01,94800.78,2544
STR-023,2024-01-01,151202.92,4008
STR-023,2024-02-01,95231.29,2234
STR-023,2024-03-01,119037.01,2649
STR-023,2024-04-01,153971.53,2199
STR-023,2024-05-01,118832.4,2807
STR-023,2024-06-01,168019.72,3360
STR-023,2024-07-01,73065.8,1352
STR-023,2024-08-01,115405.23,2732
STR-023,2024-09-01,121679.83,3277
STR-023,2024-10-01,98388.95,4379
STR-023,2024-11-01,135402.65,3847
STR-023,2024-12-01,113559.25,2185
STR-024,2023-01-01,120430.87,3212
STR-024,2023-02-01,129606.25,2946
STR-024,2023-03-01,127325.62,2495
STR-024,2023-04-01,115836.45,2619
STR-024,2023-05-01,117235.23,2922
STR-024,2023-06-01,122052.64,3229
STR-024,2023-07-01,130913.19,3125
STR-024,2023-08-01,127331.73,3078
STR-024,2023-09-01,150210.02,3231
STR-024,2023-10-01,144839.47,3524
STR-024,2023-11-01,114458.79,2461
STR-024,2023-12-01,111009.94,2530
STR-024,2024-01-01,110191.05,2517
STR-024,2024-02-01,124621.7,2959
STR-024,2024-03-01,131190.92,2374
STR-024,2024-04-01,124627.06,1994
STR-024,2024-05-01,108717.73,2028
STR-024,2024-06-01,163921.41,3315
STR-024,2024-07-01,128150.7,1912
STR-024,2024-08-01,121624.82,2263
STR-024,2024-09-01,153616.19,3692
STR-024,2024-10-01,110910.82,2745
STR-024,2024-11-01,114720.38,1858
STR-024,2024-12-01,153269.0,4162
STR-025,2023-01-01,223192.61,3505
STR-025,2023-02-01,246916.96,8768
STR-025,2023-03-01,197356.7,4117
STR-025,2023-04-01,235842.1,4782
STR-025,2023-05-01,239705.26,7203
STR-025,2023-06-01,213536.43,4726
STR-025,2023-07-01,181184.9,5032
STR-025,2023-08-01,239218.25,6813
STR-025,2023-09-01,198203.26,3575
STR-025,2023-10-01,199718.18,5252
STR-025,2023-11-01,224518.21,4398
STR-025,2023-12-01,234553.13,5266
STR-025,2024-01-01,169087.67,2983
STR-025,2024-02-01,219503.36,4364
STR-025,2024-03-01,242821.01,6003
STR-025,2024-04-01,249107.73,5601
STR-025,2024-05-01,207349.61,5711
STR-025,2024-06-01,231061.99,4610
STR-025,2024-07-01,267827.09,5120
STR-025,2024-08-01,161656.42,4263
STR-025,2024-09-01,203329.75,3993
STR-025,2024-10-01,146155.9,4092
STR-025,2024-11-01,213970.38,4634
STR-025,2024-12-01,143661.34,3661
STR-026,2023-01-01,84617.72,1909
STR-026,2023-02-01,100687.27,2238
STR-026,2023-03-01,83274.15,2488
STR-026,2023-04-01,100298.58,2696
STR-026,2023-05-01,98848.28,1610
STR-026,2023-06-01,96702.34,2144
STR-026,2023-07-01,82204.04,1823
STR-026,2023-08-01,113338.11,2760
STR-026,2023-09-01,68242.1,1508
STR-026,2023-10-01,101882.52,1812
STR-026,2023-11-01,106374.57,2667
STR-026,2023-12-01,104995.95,3324
STR-026,2024-01-01,70514.5,1321
STR-026,2024-02-01,55785.96,1129
STR-026,2024-03-01,82204.04,1962
STR-026,2024-04-01,86597.73,1625
STR-026,2024-05-01,83465.29,3285
STR-026,2024-06-01,67951.32,1738
STR-026,2024-07-01,63635.94,1047
STR-026,2024-08-01,87730.52,2361
STR-026,2024-09-01,85000.56,2036
STR-026,2024-10-01,61612.37,1555
STR-026,2024-11-01,81737.61,1617
STR-026,2024-12-01,83540.16,2119
STR-027,2023-01-01,138940.19,3944
STR-027,2023-02-01,124899.47,2985
STR-027,2023-03-01,156392.23,5331
STR-027,2023-04-01,129104.82,3744
STR-027,2023-05-01,150005.51,2547
STR-027,2023-06-01,148196.6,3210
STR-027,2023-07-01,91963.68,2285
STR-027,2023-08-01,125219.24,3390
STR-027,2023-09-01,125269.35,3512
STR-027,2023-10-01,132378.93,3341
STR-027,2023-11-01,136952.43,4679
STR-027,2023-12-01,141420.81,3307
STR-027,2024-01-01,145405.97,2293
STR-027,2024-02-01,128002.33,3405
STR-027,2024-03-01,158104.34,2825
STR-027,2024-04-01,169037.85,4140
STR-027,2024-05-01,108891.55,2071
STR-027,2024-06-01,127301.06,2375
STR-027,2024-07-01,143702.04,3654
STR-027,2024-08-01,129417.38,2995
STR-027,2024-09-01,122428.03,2523
STR-027,2024-10-01,131358.83,3820
STR-027,2024-11-01,134224.49,3037
STR-027,2024-12-01,110355.26,3353
STR-028,2023-01-01,239612.92,4762
STR-028,2023-02-01,196661.97,5232
STR-028,2023-03-01,217429.59,4250
STR-028,2023-04-01,207274.78,3557
STR-028,2023-05-01,142778.63,2988
STR-028,2023-06-01,180674.59,3971
STR-028,2023-07-01,221640.65,5736
STR-028,2023-08-01,209070.53,6003
STR-028,2023-09-01,273566.28,6301
STR-028,2023-10-01,196206.63,5280
STR-028,2023-11-01,245900.88,4290
STR-028,2023-12-01,208098.98,4412
STR-028,2024-01-01,225666.45,5873
STR-028,2024-02-01,197728.35,3790
STR-028,2024-03-01,168748.43,3144
STR-028,2024-04-01,194867.89,3839
STR-028,2024-05-01,210814.91,4618
STR-028,2024-06-01,209719.41,4426
STR-028,2024-07-01,219704.6,4616
STR-028,2024-08-01,219464.65,6738
STR-028,2024-09-01,149489.31,3688
STR-028,2024-10-01,237125.37,4519
STR-028,2024-11-01,194745.25,4127
STR-028,2024-12-01,186897.77,3671
STR-029,2023-01-01,115475.53,2900
STR-029,2023-02-01,128391.56,2243
STR-029,2023-03-01,126205.24,2744
STR-029,2023-04-01,80669.36,1597
STR-029,2023-05-01,98570.24,2672
STR-029,2023-06-01,106102.97,1950
STR-029,2023-07-01,105709.53,1908
STR-029,2023-08-01,108621.47,1975
STR-029,2023-09-01,147015.24,3747
STR-029,2023-10-01,134785.92,3030
STR-029,2023-11-01,135898.31,2470
STR-029,2023-12-01,119697.88,2519
STR-029,2024-01-01,121829.93,2525
STR-029,2024-02-01,104779.71,2160
STR-029,2024-03-01,102965.64,2984
STR-029,2024-04-01,102521.96,2724
STR-029,2024-05-01,98029.51,2391
STR-029,2024-06-01,101281.45,1980
STR-029,2024-07-01,109895.09,3211
STR-029,2024-08-01,127845.84,3287
STR-029,2024-09-01,84304.95,1730
STR-029,2024-10-01,118723.25,3061
STR-029,2024-11-01,78674.42,1490
STR-029,2024-12-01,134535.74,2602
STR-030,2023-01-01,128678.06,2806
STR-030,2023-02-01,127236.35,2579
STR-030,2023-03-01,127634.87,2091
STR-030,2023-04-01,146017.12,4128
STR-030,2023-05-01,153918.16,3141
STR-030,2023-06-01,92150.84,1995
STR-030,2023-07-01,183269.95,3126
STR-030,2023-08-01,98617.25,2731
STR-030,2023-09-01,142860.86,3677
STR-030,2023-10-01,95100.11,1682
STR-030,2023-11-01,129851.01,2435
STR-030,2023-12-01,152806.8,2895
STR-030,2024-01-01,140026.88,3585
STR-030,2024-02-01,133044.77,4805
STR-030,2024-03-01,148293.76,4621
STR-030,2024-04-01,133655.77,3506
STR-030,2024-05-01,138007.07,4106
STR-030,2024-06-01,147868.47,3481
STR-030,2024-07-01,105918.25,2505
STR-030,2024-08-01,129237.53,2523
STR-030,2024-09-01,151152.9,3422
STR-030,2024-10-01,173629.29,4138
STR-030,2024-11-01,134742.35,3033
STR-030,2024-12-01,126727.3,3780
STR-031,2023-01-01,173469.0,3676
STR-031,2023-02-01,134982.83,2349
STR-031,2023-03-01,187564.09,4362
STR-031,2023-04-01,155772.36,3681
STR-031,2023-05-01,171748.41,3981
STR-031,2023-06-01,153134.23,4191
STR-031,2023-07-01,138043.62,2693
STR-031,2023-08-01,151744.13,3913
STR-031,2023-09-01,146712.31,2766
STR-031,2023-10-01,102602.83,2511
STR-031,2023-11-01,174089.21,3498
STR-031,2023-12-01,162692.9,6831
STR-031,2024-01-01,196914.28,5595
STR-031,2024-02-01,178022.08,4321
STR-031,2024-03-01,160581.34,3673
STR-031,2024-04-01,196039.72,5381
STR-031,2024-05-01,142204.19,2944
STR-031,2024-06-01,124910.14,2111
STR-031,2024-07-01,190449.36,5022
STR-031,2024-08-01,233031.5,6203
STR-031,2024-09-01,167480.34,3658
STR-031,2024-10-01,153590.65,2467
STR-031,2024-11-01,192007.83,5128
STR-031,2024-12-01,133515.4,2977
STR-032,2023-01-01,186647.54,3834
STR-032,2023-02-01,189502.4,5340
STR-032,2023-03-01,174859.3,3895
STR-032,2023-04-01,155943.66,3763
STR-032,2023-05-01,137000.63,3653
STR-032,2023-06-01,240598.69,6352
STR-032,2023-07-01,162557.82,3227
STR-032,2023-08-01,251953.59,5456
STR-032,2023-09-01,213784.27,7545
STR-032,2023-10-01,173004.78,4719
STR-032,2023-11-01,126498.49,2413
STR-032,2023-12-01,166446.66,3604
STR-032,2024-01-01,172854.97,4644
STR-032,2024-02-01,194362.62,4164
STR-032,2024-03-01,202067.68,3958
STR-032,2024-04-01,175701.48,3604
STR-032,2024-05-01,171331.09,3246
STR-032,2024-06-01,213430.99,4246
STR-032,2024-07-01,156650.27,3568
STR-032,2024-08-01,189839.61,4062
STR-032,2024-09-01,161233.07,3642
STR-032,2024-10-01,237750.13,4624
STR-032,2024-11-01,176871.64,3815
STR-032,2024-12-01,200660.26,5870
STR-033,2023-01-01,100498.0,2094
STR-033,2023-02-01,151403.6,3610
STR-033,2023-03-01,132515.43,2428
STR-033,2023-04-01,133636.27,2977
STR-033,2023-05-01,113194.43,2648
STR-033,2023-06-01,105248.73,1778
STR-033,2023-07-01,135073.65,4206
STR-033,2023-08-01,129861.18,2854
STR-033,2023-09-01,156427.11,3343
STR-033,2023-10-01,166754.94,3377
STR-033,2023-11-01,103399.82,2104
STR-033,2023-12-01,139133.26,2673
STR-033,2024-01-01,114683.16,2280
STR-033,2024-02-01,152627.37,4696
STR-033,2024-03-01,140383.35,3276
STR-033,2024-04-01,147563.32,2883
STR-033,2024-05-01,126584.41,2360
STR-033,2024-06-01,132467.68,2359
STR-033,2024-07-01,119067.58,3294
STR-033,2024-08-01,170735.28,3243
STR-033,2024-09-01,120030.34,4722
STR-033,2024-10-01,117125.99,2577
STR-033,2024-11-01,124050.47,2225
STR-033,2024-12-01,134300.34,3038
STR-034,2023-01-01,236281.39,4367
STR-034,2023-02-01,212305.02,4206
STR-034,2023-03-01,226509.98,5159
STR-034,2023-04-01,202607.48,3793
STR-034,2023-05-01,193561.5,6631
STR-034,2023-06-01,246968.42,5789
STR-034,2023-07-01,216716.97,4687
STR-034,2023-08-01,182980.48,4270
STR-034,2023-09-01,239201.39,5095
STR-034,2023-10-01,218196.96,5042
STR-034,2023-11-01,285851.86,5090
STR-034,2023-12-01,230176.15,6359
STR-034,2024-01-01,249874.29,4908
STR-034,2024-02-01,203418.95,4573
STR-034,2024-03-01,201167.76,3309
STR-034,2024-04-01,219424.77,4364
STR-034,2024-05-01,241777.99,3947
STR-034,2024-06-01,217169.82,4638
STR-034,2024-07-01,194468.39,6064
STR-034,2024-08-01,172141.14,4600
STR-034,2024-09-01,257661.31,5426
STR-034,2024-10-01,234465.58,6743
STR-034,2024-11-01,212181.86,4301
STR-034,2024-12-01,228881.69,4224
STR-035,2023-01-01,225869.39,4090
STR-035,2023-02-01,292132.24,7196
STR-035,2023-03-01,259452.6,5691
STR-035,2023-04-01,273963.0,7042
STR-035,2023-05-01,352901.9,7405
STR-035,2023-06-01,248272.79,5503
STR-035,2023-07-01,363018.65,7660
STR-035,2023-08-01,235756.3,4539
STR-035,2023-09-01,307782.11,6323
STR-035,2023-10-01,332198.72,7363
STR-035,2023-11-01,343994.0,7144
STR-035,2023-12-01,277246.18,5896
STR-035,2024-01-01,294946.16,6385
STR-035,2024-02-01,377371.94,9165
STR-035,2024-03-01,351327.4,7768
STR-035,2024-04-01,268292.57,5490
STR-035,2024-05-01,261571.12,7042
STR-035,2024-06-01,315610.32,6140
STR-035,2024-07-01,276118.34,8595
STR-035,2024-08-01,267134.23,5598
STR-035,2024-09-01,212351.41,3636
STR-035,2024-10-01,255675.73,4705
STR-035,2024-11-01,358940.88,7635
STR-035,2024-12-01,258707.46,5077
STR-036,2023-01-01,102279.42,2001
STR-036,2023-02-01,98504.76,2242
STR-036,2023-03-01,86001.27,1951
STR-036,2023-04-01,106277.85,2504
STR-036,2023-05-01,111464.92,2456
STR-036,2023-06-01,104226.37,2014
STR-036,2023-07-01,87879.29,1934
STR-036,2023-08-01,84433.05,1633
STR-036,2023-09-01,97887.69,1774
STR-036,2023-10-01,94635.97,2024
STR-036,2023-11-01,92593.5,1757
STR-036,2023-12-01,80873.49,1305
STR-036,2024-01-01,95767.12,2158
STR-036,2024-02-01,67951.19,1612
STR-036,2024-03-01,78708.01,1386
STR-036,2024-04-01,88198.34,2827
STR-036,2024-05-01,56410.57,1057
STR-036,2024-06-01,70073.76,1562
STR-036,2024-07-01,101859.78,3413
STR-036,2024-08-01,86923.48,1584
STR-036,2024-09-01,104468.74,2021
STR-036,2024-10-01,112441.07,3475
STR-036,2024-11-01,92960.1,2178
STR-036,2024-12-01,97919.11,2305
STR-037,2023-01-01,242303.24,5592
STR-037,2023-02-01,208765.24,4490
STR-037,2023-03-01,217869.95,4265
STR-037,2023-04-01,366277.2,16917
STR-037,2023-05-01,236519.32,6022
STR-037,2023-06-01,170083.54,4852
STR-037,2023-07-01,255339.52,5939
STR-037,2023-08-01,284723.31,7359
STR-037,2023-09-01,250313.68,5455
STR-037,2023-10-01,224710.27,4821
STR-037,2023-11-01,218704.3,4757
STR-037,2023-12-01,306015.1,6747
STR-037,2024-01-01,202783.89,3560
STR-037,2024-02-01,215506.1,5686
STR-037,2024-03-01,252669.11,3326
STR-037,2024-04-01,278001.22,5492
STR-037,2024-05-01,211141.31,7272
STR-037,2024-06-01,283321.69,5522
STR-037,2024-07-01,284852.44,5779
STR-037,2024-08-01,215784.82,5350
STR-037,2024-09-01,213497.92,4723
STR-037,2024-10-01,244495.22,4654
STR-037,2024-11-01,240397.48,5304
STR-037,2024-12-01,156054.39,2880
STR-038,2023-01-01,157316.73,3330
STR-038,2023-02-01,136152.6,2260
STR-038,2023-03-01,148407.87,3766
STR-038,2023-04-01,170049.85,4178
STR-038,2023-05-01,109826.94,2461
STR-038,2023-06-01,152763.37,2997
STR-038,2023-07-01,148654.9,2955
STR-038,2023-08-01,153975.71,4660
STR-038,2023-09-01,137263.34,3621
STR-038,2023-10-01,154139.21,3283
STR-038,2023-11-01,155025.61,3313
STR-038,2023-12-01,181894.0,3152
STR-038,2024-01-01,185548.29,3227
STR-038,2024-02-01,146406.82,3701
STR-038,2024-03-01,165207.98,3577
STR-038,2024-04-01,129900.58,3075
STR-038,2024-05-01,121322.54,4415
STR-038,2024-06-01,145527.76,2874
STR-038,2024-07-01,125021.21,2329
STR-038,2024-08-01,134270.43,3475
STR-038,2024-09-01,147285.4,3962
STR-038,2024-10-01,188736.99,3465
STR-038,2024-11-01,133579.66,2873
STR-038,2024-12-01,135386.43,2989
STR-039,2023-01-01,116937.43,2980
STR-039,2023-02-01,82035.57,2135
STR-039,2023-03-01,85476.37,1578
STR-039,2023-04-01,102339.22,2159
STR-039,2023-05-01,82198.91,1647
STR-039,2023-06-01,115193.26,2229
STR-039,2023-07-01,89158.57,1865
STR-039,2023-08-01,117702.16,2165
STR-039,2023-09-01,107848.76,1682
STR-039,2023-10-01,112302.82,2336
STR-039,2023-11-01,109440.46,2148
STR-039,2023-12-01,118264.44,2413
STR-039,2024-01-01,77568.51,1508
STR-039,2024-02-01,103312.95,2194
STR-039,2024-03-01,100296.48,1708
STR-039,2024-04-01,111706.77,2357
STR-039,2024-05-01,85143.65,1712
STR-039,2024-06-01,88883.16,1898
STR-039,2024-07-01,123226.12,1955
STR-039,2024-08-01,113656.19,2093
STR-039,2024-09-01,98686.03,2213
STR-039,2024-10-01,115556.12,2906
STR-039,2024-11-01,112809.51,3117
STR-039,2024-12-01,95344.4,2370
STR-040,2023-01-01,95335.44,1872
STR-040,2023-02-01,124096.28,2158
STR-040,2023-03-01,121301.3,2565
STR-040,2023-04-01,93051.05,2273
STR-040,2023-05-01,97167.95,2340
STR-040,2023-06-01,117992.78,3330
STR-040,2023-07-01,132745.55,3930
STR-040,2023-08-01,91209.7,1962
STR-040,2023-09-01,112180.38,2999
STR-040,2023-10-01,106532.09,2490
STR-040,2023-11-01,116152.73,2819
STR-040,2023-12-01,110455.95,2618
STR-040,2024-01-01,118322.41,3487
STR-040,2024-02-01,91519.48,1683
STR-040,2024-03-01,116598.2,3835
STR-040,2024-04-01,126080.09,2521
STR-040,2024-05-01,82448.61,2751
STR-040,2024-06-01,98123.93,2180
STR-040,2024-07-01,128383.4,2532
STR-040,2024-08-01,125221.99,4338
STR-040,2024-09-01,94713.07,2186
STR-040,2024-10-01,83447.53,2022
STR-040,2024-11-01,103923.85,1912
STR-040,2024-12-01,95619.55,2204
STR-041,2023-01-01,78444.5,1744
STR-041,2023-02-01,84016.2,1774
STR-041,2023-03-01,92276.06,2051
STR-041,2023-04-01,98059.87,2267
STR-041,2023-05-01,66638.07,1714
STR-041,2023-06-01,90991.76,1643
STR-041,2023-07-01,105923.79,2895
STR-041,2023-08-01,97761.07,2273
STR-041,2023-09-01,84436.97,2189
STR-041,2023-10-01,88906.24,1641
STR-041,2023-11-01,66720.36,1120
STR-041,2023-12-01,69391.47,1374
STR-041,2024-01-01,100796.07,2606
STR-041,2024-02-01,75775.85,1880
STR-041,2024-03-01,87518.76,2107
STR-041,2024-04-01,70342.63,2414
STR-041,2024-05-01,85963.74,2799
STR-041,2024-06-01,90216.55,1955
STR-041,2024-07-01,67090.51,1482
STR-041,2024-08-01,84883.3,2157
STR-041,2024-09-01,91843.52,2245
STR-041,2024-10-01,92291.93,2374
STR-041,2024-11-01,46457.67,952
STR-041,2024-12-01,116482.27,3298
STR-042,2023-01-01,265391.88,6911
STR-042,2023-02-01,223467.46,4234
STR-042,2023-03-01,226998.25,3959
STR-042,2023-04-01,218015.33,5260
STR-042,2023-05-01,213053.26,3628
STR-042,2023-06-01,189102.09,6244
STR-042,2023-07-01,181644.03,4495
STR-042,2023-08-01,111230.62,2319
STR-042,2023-09-01,238190.58,5534
STR-042,2023-10-01,249923.42,5339
STR-042,2023-11-01,227618.97,3940
STR-042,2023-12-01,218780.37,4505
STR-042,2024-01-01,210659.57,4545
STR-042,2024-02-01,169705.92,3950
STR-042,2024-03-01,192476.17,4674
STR-042,2024-04-01,225783.09,4403
STR-042,2024-05-01,180051.03,3926
STR-042,2024-06-01,225286.82,4667
STR-042,2024-07-01,215311.78,4750
STR-042,2024-08-01,224722.82,3867
STR-042,2024-09-01,219296.23,6049
STR-042,2024-10-01,184729.55,4463
STR-042,2024-11-01,280118.03,8268
STR-042,2024-12-01,132279.09,3454
STR-043,2023-01-01,126283.76,2751
STR-043,2023-02-01,144399.34,3800
STR-043,2023-03-01,154382.86,7629
STR-043,2023-04-01,142153.04,2801
STR-043,2023-05-01,143139.78,2758
STR-043,2023-06-01,126849.36,3169
STR-043,2023-07-01,113680.73,3317
STR-043,2023-08-01,107645.55,3729
STR-043,2023-09-01,138889.82,2933
STR-043,2023-10-01,144487.78,2911
STR-043,2023-11-01,130129.06,2832
STR-043,2023-12-01,99121.0,1650
STR-043,2024-01-01,140220.99,3183
STR-043,2024-02-01,149424.53,3083
STR-043,2024-03-01,133210.52,2610
STR-043,2024-04-01,115542.43,2658
STR-043,2024-05-01,129399.5,3342
STR-043,2024-06-01,97342.79,2011
STR-043,2024-07-01,126364.32,2305
STR-043,2024-08-01,160356.06,4817
STR-043,2024-09-01,121149.91,2116
STR-043,2024-10-01,205673.16,5954
STR-043,2024-11-01,143648.92,2262
STR-043,2024-12-01,133659.27,3586
STR-044,2023-01-01,170897.57,4497
STR-044,2023-02-01,196127.15,4513
STR-044,2023-03-01,192601.81,3351
STR-044,2023-04-01,180633.25,6016
STR-044,2023-05-01,181643.94,4098
STR-044,2023-06-01,177491.11,4681
STR-044,2023-07-01,244969.86,5105
STR-044,2023-08-01,138028.09,2578
STR-044,2023-09-01,188218.99,4452
STR-044,2023-10-01,179886.47,3904
STR-044,2023-11-01,184732.05,3986
STR-044,2023-12-01,192663.74,4279
STR-044,2024-01-01,156657.8,3597
STR-044,2024-02-01,214480.53,4589
STR-044,2024-03-01,167871.65,4124
STR-044,2024-04-01,162396.85,3741
STR-044,2024-05-01,167583.28,3396
STR-044,2024-06-01,174014.21,4896
STR-044,2024-07-01,175967.01,4314
STR-044,2024-08-01,109592.79,2765
STR-044,2024-09-01,162659.78,4875
STR-044,2024-10-01,207530.63,4370
STR-044,2024-11-01,160664.06,2638
STR-044,2024-12-01,189824.36,4906
STR-045,2023-01-01,166971.35,3603
STR-045,2023-02-01,191958.28,3682
STR-045,2023-03-01,185987.62,4451
STR-045,2023-04-01,186838.55,4033
STR-045,2023-05-01,138606.97,3136
STR-045,2023-06-01,140423.58,3013
STR-045,2023-07-01,156041.08,3183
STR-045,2023-08-01,161722.78,3934
STR-045,2023-09-01,180152.58,3472
STR-045,2023-10-01,182579.98,4065
STR-045,2023-11-01,167018.89,3498
STR-045,2023-12-01,133698.02,3599
STR-045,2024-01-01,177040.12,3085
STR-045,2024-02-01,165941.01,6465
STR-045,2024-03-01,127040.2,2921
STR-045,2024-04-01,155506.25,3530
STR-045,2024-05-01,170077.4,3878
STR-045,2024-06-01,132939.09,3070
STR-045,2024-07-01,207523.67,6008
STR-045,2024-08-01,134689.85,2313
STR-045,2024-09-01,161977.69,3645
STR-045,2024-10-01,141187.82,2749
STR-045,2024-11-01,164070.88,4644
STR-045,2024-12-01,130541.0,2340
STR-046,2023-01-01,98698.07,1809
STR-046,2023-02-01,82027.18,1628
STR-046,2023-03-01,131039.13,2902
STR-046,2023-04-01,121157.13,2886
STR-046,2023-05-01,145889.98,2880
STR-046,2023-06-01,135958.18,2530
STR-046,2023-07-01,141173.65,3012
STR-046,2023-08-01,98439.1,2030
STR-046,2023-09-01,104113.3,2884
STR-046,2023-10-01,174196.01,3694
STR-046,2023-11-01,100553.57,2811
STR-046,2023-12-01,158239.15,3606
STR-046,2024-01-01,175599.21,3989
STR-046,2024-02-01,105610.02,2664
STR-046,2024-03-01,117021.67,3286
STR-046,2024-04-01,135553.75,2405
STR-046,2024-05-01,131964.1,2971
STR-046,2024-06-01,149547.92,3038
STR-046,2024-07-01,136333.28,2500
STR-046,2024-08-01,134276.49,3119
STR-046,2024-09-01,123868.25,2811
STR-046,2024-10-01,141960.51,5175
STR-046,2024-11-01,134182.58,4422
STR-046,2024-12-01,128635.1,2512
STR-047,2023-01-01,89816.61,2998
STR-047,2023-02-01,94295.98,1474
STR-047,2023-03-01,115738.63,2462
STR-047,2023-04-01,123649.03,3028
STR-047,2023-05-01,98951.3,2610
STR-047,2023-06-01,96971.53,2188
STR-047,2023-07-01,74965.83,1692
STR-047,2023-08-01,121740.34,2738
STR-047,2023-09-01,80766.57,1823
STR-047,2023-10-01,101960.87,2140
STR-047,2023-11-01,125092.93,2874
STR-047,2023-12-01,92513.76,1383
STR-047,2024-01-01,123187.9,2819
STR-047,2024-02-01,108273.35,2882
STR-047,2024-03-01,101052.51,2748
STR-047,2024-04-01,102583.96,3191
STR-047,2024-05-01,103659.8,2155
STR-047,2024-06-01,109095.52,3783
STR-047,2024-07-01,90175.0,2357
STR-047,2024-08-01,110382.38,2688
STR-047,2024-09-01,120131.9,3681
STR-047,2024-10-01,100750.86,2399
STR-047,2024-11-01,124876.46,2413
STR-047,2024-12-01,109055.49,2006
STR-048,2023-01-01,77365.03,1840
STR-048,2023-02-01,74095.11,1611
STR-048,2023-03-01,79370.18,1708
STR-048,2023-04-01,107739.01,1994
STR-048,2023-05-01,62715.6,1252
STR-048,2023-06-01,77630.77,1544
STR-048,2023-07-01,77289.62,2216
STR-048,2023-08-01,68474.03,1587
STR-048,2023-09-01,85655.61,1853
STR-048,2023-10-01,83013.68,2181
STR-048,2023-11-01,67951.48,1616
STR-048,2023-12-01,85439.25,1765
STR-048,2024-01-01,61912.72,1797
STR-048,2024-02-01,98662.35,2323
STR-048,2024-03-01,98440.6,2038
STR-048,2024-04-01,122629.73,2384
STR-048,2024-05-01,78543.8,1268
STR-048,2024-06-01,68987.13,1705
STR-048,2024-07-01,83149.09,1933
STR-048,2024-08-01,88927.65,2572
STR-048,2024-09-01,71246.25,2218
STR-048,2024-10-01,96493.13,2029
STR-048,2024-11-01,90735.27,3101
STR-048,2024-12-01,90094.8,1986
STR-049,2023-01-01,158000.74,3115
STR-049,2023-02-01,114050.3,2453
STR-049,2023-03-01,172466.04,3753
STR-049,2023-04-01,122116.35,2840
STR-049,2023-05-01,159140.28,3500
STR-049,2023-06-01,154414.37,3050
STR-049,2023-07-01,154619.85,3269
STR-049,2023-08-01,191059.38,3811
STR-049,2023-09-01,142327.57,2924
STR-049,2023-10-01,121207.01,2287
STR-049,2023-11-01,144965.27,2602
STR-049,2023-12-01,161887.94,3142
STR-049,2024-01-01,132868.2,2524
STR-049,2024-02-01,81436.4,2476
STR-049,2024-03-01,154971.22,3439
STR-049,2024-04-01,99791.06,3153
STR-049,2024-05-01,150381.47,2781
STR-049,2024-06-01,139592.84,2682
STR-049,2024-07-01,124991.25,2813
STR-049,2024-08-01,151023.64,2689
STR-049,2024-09-01,99832.19,2200
STR-049,2024-10-01,144613.31,4706
STR-049,2024-11-01,147351.96,3347
STR-049,2024-12-01,151457.42,3290
STR-050,2023-01-01,220184.81,7099
STR-050,2023-02-01,237758.5,4720
STR-050,2023-03-01,142936.68,3462
STR-050,2023-04-01,94485.04,2152
STR-050,2023-05-01,157999.53,4871
STR-050,2023-06-01,210710.76,4617
STR-050,2023-07-01,199723.89,4032
STR-050,2023-08-01,117555.41,2384
STR-050,2023-09-01,186895.75,3540
STR-050,2023-10-01,246897.43,7652
STR-050,2023-11-01,187109.62,6339
STR-050,2023-12-01,160697.04,4543
STR-050,2024-01-01,235189.79,6252
STR-050,2024-02-01,198525.23,5446
STR-050,2024-03-01,182861.51,6829
STR-050,2024-04-01,199329.77,4465
STR-050,2024-05-01,204671.43,4244
STR-050,2024-06-01,168175.08,4328
STR-050,2024-07-01,179887.48,5292
STR-050,2024-08-01,140482.3,2671
STR-050,2024-09-01,166943.29,3260
STR-050,2024-10-01,155327.1,2274
STR-050,2024-11-01,193894.61,3594
STR-050,2024-12-01,145622.49,3232
STR-051,2023-01-01,142849.52,3813
STR-051,2023-02-01,116033.92,3043
STR-051,2023-03-01,77657.48,1657
STR-051,2023-04-01,134254.34,3539
STR-051,2023-05-01,90947.23,2637
STR-051,2023-06-01,111314.12,2733
STR-051,2023-07-01,107399.64,2372
STR-051,2023-08-01,124275.33,2602
STR-051,2023-09-01,103080.92,1833
STR-051,2023-10-01,91809.76,1695
STR-051,2023-11-01,126849.65,2397
STR-051,2023-12-01,159784.07,3232
STR-051,2024-01-01,123082.98,3529
STR-051,2024-02-01,105893.81,3230
STR-051,2024-03-01,84275.81,1644
STR-051,2024-04-01,134017.9,3282
STR-051,2024-05-01,98864.57,2337
STR-051,2024-06-01,107318.72,2954
STR-051,2024-07-01,140775.7,2418
STR-051,2024-08-01,93187.74,2113
STR-051,2024-09-01,110228.42,2400
STR-051,2024-10-01,89813.97,2115
STR-051,2024-11-01,132866.69,2830
STR-051,2024-12-01,110342.74,2863
STR-052,2023-01-01,142932.82,3416
STR-052,2023-02-01,121411.74,3935
STR-052,2023-03-01,149356.7,2492
STR-052,2023-04-01,153305.08,4396
STR-052,2023-05-01,158018.92,3288
STR-052,2023-06-01,176820.84,4747
STR-052,2023-07-01,157407.1,2497
STR-052,2023-08-01,183267.18,3683
STR-052,2023-09-01,175012.9,2965
STR-052,2023-10-01,134607.8,3488
STR-052,2023-11-01,213537.92,6062
STR-052,2023-12-01,178207.22,4107
STR-052,2024-01-01,168277.06,4607
STR-052,2024-02-01,148477.35,3096
STR-052,2024-03-01,146418.43,3470
STR-052,2024-04-01,166832.7,3180
STR-052,2024-05-01,148092.76,3379
STR-052,2024-06-01,162705.58,5365
STR-052,2024-07-01,132755.66,2330
STR-052,2024-08-01,157556.44,3149
STR-052,2024-09-01,145953.11,3721
STR-052,2024-10-01,146017.29,2835
STR-052,2024-11-01,159472.86,2817
STR-052,2024-12-01,144044.14,2866
STR-053,2023-01-01,216160.6,4516
STR-053,2023-02-01,186772.5,3270
STR-053,2023-03-01,247823.69,4629
STR-053,2023-04-01,245618.23,5439
STR-053,2023-05-01,229421.03,4963
STR-053,2023-06-01,207655.93,5452
STR-053,2023-07-01,182969.66,5473
STR-053,2023-08-01,183804.64,3951
STR-053,2023-09-01,245740.7,6215
STR-053,2023-10-01,181213.47,3996
STR-053,2023-11-01,169741.59,4535
STR-053,2023-12-01,147298.03,5277
STR-053,2024-01-01,203643.92,4170
STR-053,2024-02-01,177664.43,3148
STR-053,2024-03-01,192223.07,6013
STR-053,2024-04-01,236058.42,4681
STR-053,2024-05-01,157214.56,5026
STR-053,2024-06-01,160753.25,3322
STR-053,2024-07-01,134881.62,3248
STR-053,2024-08-01,215412.85,4826
STR-053,2024-09-01,171036.65,3658
STR-053,2024-10-01,193124.0,5290
STR-053,2024-11-01,216959.53,5033
STR-053,2024-12-01,270747.07,6831
STR-054,2023-01-01,272685.91,7781
STR-054,2023-02-01,279177.19,6441
STR-054,2023-03-01,271611.45,5681
STR-054,2023-04-01,231818.89,5668
STR-054,2023-05-01,306048.34,8270
STR-054,2023-06-01,278704.2,5481
STR-054,2023-07-01,251783.61,5878
STR-054,2023-08-01,310721.95,5991
STR-054,2023-09-01,285625.39,5024
STR-054,2023-10-01,261053.51,5705
STR-054,2023-11-01,246023.28,7445
STR-054,2023-12-01,277628.29,8355
STR-054,2024-01-01,273132.12,6067
STR-054,2024-02-01,252597.68,5244
STR-054,2024-03-01,231031.03,5832
STR-054,2024-04-01,308202.52,6014
STR-054,2024-05-01,217246.01,6006
STR-054,2024-06-01,268481.96,5922
STR-054,2024-07-01,257124.79,5803
STR-054,2024-08-01,319110.76,5928
STR-054,2024-09-01,283052.85,7604
STR-054,2024-10-01,225080.46,5139
STR-054,2024-11-01,251738.85,4846
STR-054,2024-12-01,243050.69,6863
STR-055,2023-01-01,165925.91,4809
STR-055,2023-02-01,192903.9,4822
STR-055,2023-03-01,149930.28,2685
STR-055,2023-04-01,226248.79,6651
STR-055,2023-05-01,169337.41,3082
STR-055,2023-06-01,170924.46,3746
STR-055,2023-07-01,185915.03,3930
STR-055,2023-08-01,203291.07,3893
STR-055,2023-09-01,192623.79,3513
STR-055,2023-10-01,164304.96,4285
STR-055,2023-11-01,218438.27,4823
STR-055,2023-12-01,205103.82,4581
STR-055,2024-01-01,148069.23,3894
STR-055,2024-02-01,192462.55,3865
STR-055,2024-03-01,114201.86,3276
STR-055,2024-04-01,187566.31,4533
STR-055,2024-05-01,192834.96,3803
STR-055,2024-06-01,166627.3,4416
STR-055,2024-07-01,193286.08,6577
STR-055,2024-08-01,182724.74,3331
STR-055,2024-09-01,143005.3,2984
STR-055,2024-10-01,177011.26,4838
STR-055,2024-11-01,142607.51,3056
STR-055,2024-12-01,110166.99,2968
STR-056,2023-01-01,216892.94,5210
STR-056,2023-02-01,190395.2,4728
STR-056,2023-03-01,182168.34,3500
STR-056,2023-04-01,161723.2,3796
STR-056,2023-05-01,224052.32,4851
STR-056,2023-06-01,172449.58,3017
STR-056,2023-07-01,193578.82,3536
STR-056,2023-08-01,131583.52,2190
STR-056,2023-09-01,166753.93,3238
STR-056,2023-10-01,208221.96,5172
STR-056,2023-11-01,228504.9,5218
STR-056,2023-12-01,161726.07,3866
STR-056,2024-01-01,183653.94,5231
STR-056,2024-02-01,164382.38,3514
STR-056,2024-03-01,190870.43,3501
STR-056,2024-04-01,141645.56,2657
STR-056,2024-05-01,185658.52,4538
STR-056,2024-06-01,159814.87,4787
STR-056,2024-07-01,179682.34,3673
STR-056,2024-08-01,183806.89,3811
STR-056,2024-09-01,202358.14,4398
STR-056,2024-10-01,172814.89,4223
STR-056,2024-11-01,168297.32,2891
STR-056,2024-12-01,123178.41,2028
STR-057,2023-01-01,270956.86,4293
STR-057,2023-02-01,236391.65,4703
STR-057,2023-03-01,242303.31,4480
STR-057,2023-04-01,279173.86,6966
STR-057,2023-05-01,322874.0,9477
STR-057,2023-06-01,314670.52,7328
STR-057,2023-07-01,235204.19,7654
STR-057,2023-08-01,291545.16,7232
STR-057,2023-09-01,226705.02,4381
STR-057,2023-10-01,289291.42,6450
STR-057,2023-11-01,317126.13,5927
STR-057,2023-12-01,291138.52,6615
STR-057,2024-01-01,286645.77,5671
STR-057,2024-02-01,242121.64,5617
STR-057,2024-03-01,277046.12,6169
STR-057,2024-04-01,252755.96,5584
STR-057,2024-05-01,271946.11,7020
STR-057,2024-06-01,228157.45,5302
STR-057,2024-07-01,297973.71,5261
STR-057,2024-08-01,217616.43,5155
STR-057,2024-09-01,257493.79,6549
STR-057,2024-10-01,213414.06,4019
STR-057,2024-11-01,201670.09,4046
STR-057,2024-12-01,357397.57,8307
STR-058,2023-01-01,173930.36,4006
STR-058,2023-02-01,213485.71,5181
STR-058,2023-03-01,181173.89,4420
STR-058,2023-04-01,170613.87,3643
STR-058,2023-05-01,227510.76,5284
STR-058,2023-06-01,200437.39,3998
STR-058,2023-07-01,213001.72,3523
STR-058,2023-08-01,201360.45,4427
STR-058,2023-09-01,199581.05,4177
STR-058,2023-10-01,214177.38,4817
STR-058,2023-11-01,192324.31,4540
STR-058,2023-12-01,159487.36,3583
STR-058,2024-01-01,229705.11,5377
STR-058,2024-02-01,179338.63,4513
STR-058,2024-03-01,137454.88,2983
STR-058,2024-04-01,153533.03,2675
STR-058,2024-05-01,177848.31,3750
STR-058,2024-06-01,133240.38,1972
STR-058,2024-07-01,183744.88,4209
STR-058,2024-08-01,143400.52,3091
STR-058,2024-09-01,188128.64,4529
STR-058,2024-10-01,229242.58,5886
STR-058,2024-11-01,177697.9,4372
STR-058,2024-12-01,159780.78,4806
STR-059,2023-01-01,114354.44,2579
STR-059,2023-02-01,130006.13,2680
STR-059,2023-03-01,95441.18,1900
STR-059,2023-04-01,127323.16,4008
STR-059,2023-05-01,157730.32,3308
STR-059,2023-06-01,131162.19,2714
STR-059,2023-07-01,90796.16,2552
STR-059,2023-08-01,91922.01,1852
STR-059,2023-09-01,126051.23,3931
STR-059,2023-10-01,136424.76,3099
STR-059,2023-11-01,191976.55,4140
STR-059,2023-12-01,79403.3,1481
STR-059,2024-01-01,109232.33,2375
STR-059,2024-02-01,96629.21,1970
STR-059,2024-03-01,63181.88,1208
STR-059,2024-04-01,116641.41,2856
STR-059,2024-05-01,106153.19,2935
STR-059,2024-06-01,144016.12,4231
STR-059,2024-07-01,103175.95,3221
STR-059,2024-08-01,101014.33,2098
STR-059,2024-09-01,118784.07,2511
STR-059,2024-10-01,122248.49,2834
STR-059,2024-11-01,118502.12,2738
STR-059,2024-12-01,99471.35,2552
STR-060,2023-01-01,110452.71,2145
STR-060,2023-02-01,150936.7,4426
STR-060,2023-03-01,124298.19,2265
STR-060,2023-04-01,103764.45,2061
STR-060,2023-05-01,132805.52,2928
STR-060,2023-06-01,117379.93,3617
STR-060,2023-07-01,71716.58,2460
STR-060,2023-08-01,109468.46,2620
STR-060,2023-09-01,111418.4,4524
STR-060,2023-10-01,115179.24,2157
STR-060,2023-11-01,100309.55,1804
STR-060,2023-12-01,115565.65,2684
STR-060,2024-01-01,116461.7,2043
STR-060,2024-02-01,144008.31,2985
STR-060,2024-03-01,120482.35,2496
STR-060,2024-04-01,99456.33,2257
STR-060,2024-05-01,109932.9,2596
STR-060,2024-06-01,120228.69,2332
STR-060,2024-07-01,119585.91,2075
STR-060,2024-08-01,109239.72,3084
STR-060,2024-09-01,96553.38,2330
STR-060,2024-10-01,118262.15,2115
STR-060,2024-11-01,146238.62,3658
STR-060,2024-12-01,98000.13,2003
